n,protocol,loss,calibrated,context_feature,target_feature,repeat,fold,delta
200,DT + RMSE,rmse,False,X2,X1,0,0,0.5264683086226218
200,DT + RMSE,rmse,False,X2,X1,0,1,0.5178020082788947
200,DT + RMSE,rmse,False,X2,X1,0,2,0.5700787470120555
200,DT + RMSE,rmse,False,X2,X1,0,3,0.5045799413686263
200,DT + RMSE,rmse,False,X2,X1,0,4,0.5636581178204757
200,DT + RMSE,rmse,False,X2,X1,1,0,0.4474746996970841
200,DT + RMSE,rmse,False,X2,X1,1,1,0.5220548245992566
200,DT + RMSE,rmse,False,X2,X1,1,2,0.4328449669381695
200,DT + RMSE,rmse,False,X2,X1,1,3,0.4891452347801213
200,DT + RMSE,rmse,False,X2,X1,1,4,0.43787660638666587
200,DT + RMSE,rmse,False,X2,X1,2,0,0.536303349542497
200,DT + RMSE,rmse,False,X2,X1,2,1,0.5293586320133374
200,DT + RMSE,rmse,False,X2,X1,2,2,0.48567389058536814
200,DT + RMSE,rmse,False,X2,X1,2,3,0.5170037890331762
200,DT + RMSE,rmse,False,X2,X1,2,4,0.5403666636685316
200,DT + RMSE,rmse,False,X2,X1,3,0,0.5055543797210771
200,DT + RMSE,rmse,False,X2,X1,3,1,0.44442874114511766
200,DT + RMSE,rmse,False,X2,X1,3,2,0.5440998605417992
200,DT + RMSE,rmse,False,X2,X1,3,3,0.4891645636625018
200,DT + RMSE,rmse,False,X2,X1,3,4,0.5625700971313412
200,DT + RMSE,rmse,False,X2,X1,4,0,0.5657779276840804
200,DT + RMSE,rmse,False,X2,X1,4,1,0.4363437680558416
200,DT + RMSE,rmse,False,X2,X1,4,2,0.5651274554346689
200,DT + RMSE,rmse,False,X2,X1,4,3,0.42914635599904166
200,DT + RMSE,rmse,False,X2,X1,4,4,0.588090753323594
200,DT + RMSE,rmse,False,X2,X1,5,0,0.47038492915040264
200,DT + RMSE,rmse,False,X2,X1,5,1,0.4129866573131409
200,DT + RMSE,rmse,False,X2,X1,5,2,0.5367500881350274
200,DT + RMSE,rmse,False,X2,X1,5,3,0.5677011662686497
200,DT + RMSE,rmse,False,X2,X1,5,4,0.48459888057770045
200,DT + RMSE,rmse,False,X2,X1,6,0,0.49271975355016084
200,DT + RMSE,rmse,False,X2,X1,6,1,0.46927324340503535
200,DT + RMSE,rmse,False,X2,X1,6,2,0.5170639968887294
200,DT + RMSE,rmse,False,X2,X1,6,3,0.5349480012583135
200,DT + RMSE,rmse,False,X2,X1,6,4,0.5062671059540926
200,DT + RMSE,rmse,False,X2,X1,7,0,0.5121899235759149
200,DT + RMSE,rmse,False,X2,X1,7,1,0.5133802598662959
200,DT + RMSE,rmse,False,X2,X1,7,2,0.5665268496741577
200,DT + RMSE,rmse,False,X2,X1,7,3,0.48806021885214584
200,DT + RMSE,rmse,False,X2,X1,7,4,0.45971430795177176
200,DT + RMSE,rmse,False,X2,X1,8,0,0.49993761833757205
200,DT + RMSE,rmse,False,X2,X1,8,1,0.5350119617976761
200,DT + RMSE,rmse,False,X2,X1,8,2,0.4320555678191565
200,DT + RMSE,rmse,False,X2,X1,8,3,0.5299357200536674
200,DT + RMSE,rmse,False,X2,X1,8,4,0.4882203851645962
200,DT + RMSE,rmse,False,X2,X1,9,0,0.5112252426606179
200,DT + RMSE,rmse,False,X2,X1,9,1,0.4708386755183364
200,DT + RMSE,rmse,False,X2,X1,9,2,0.4740499163622385
200,DT + RMSE,rmse,False,X2,X1,9,3,0.5075034609311959
200,DT + RMSE,rmse,False,X2,X1,9,4,0.4550712514528841
200,DT + log-loss,logloss,False,X2,X1,0,0,0.7484493150245247
200,DT + log-loss,logloss,False,X2,X1,0,1,0.7295178091050004
200,DT + log-loss,logloss,False,X2,X1,0,2,0.8474136938510195
200,DT + log-loss,logloss,False,X2,X1,0,3,0.7030123518782883
200,DT + log-loss,logloss,False,X2,X1,0,4,0.8327254652404485
200,DT + log-loss,logloss,False,X2,X1,1,0,0.5925527591814759
200,DT + log-loss,logloss,False,X2,X1,1,1,0.7387637651481006
200,DT + log-loss,logloss,False,X2,X1,1,2,0.565483527386535
200,DT + log-loss,logloss,False,X2,X1,1,3,0.6694493199493894
200,DT + log-loss,logloss,False,X2,X1,1,4,0.5752539251766882
200,DT + log-loss,logloss,False,X2,X1,2,0,0.76950458637206
200,DT + log-loss,logloss,False,X2,X1,2,1,0.7546394313718059
200,DT + log-loss,logloss,False,X2,X1,2,2,0.6645953187051392
200,DT + log-loss,logloss,False,X2,X1,2,3,0.7272265294904758
200,DT + log-loss,logloss,False,X2,X1,2,4,0.7781854030142481
200,DT + log-loss,logloss,False,X2,X1,3,0,0.7042892786747226
200,DT + log-loss,logloss,False,X2,X1,3,1,0.5858272422637723
200,DT + log-loss,logloss,False,X2,X1,3,2,0.7862932199694949
200,DT + log-loss,logloss,False,X2,X1,3,3,0.6689841708033462
200,DT + log-loss,logloss,False,X2,X1,3,4,0.8293338111928223
200,DT + log-loss,logloss,False,X2,X1,4,0,0.8399756542469733
200,DT + log-loss,logloss,False,X2,X1,4,1,0.5716596394574257
200,DT + log-loss,logloss,False,X2,X1,4,2,0.8336821547992578
200,DT + log-loss,logloss,False,X2,X1,4,3,0.5595789685077663
200,DT + log-loss,logloss,False,X2,X1,4,4,0.8901584446265077
200,DT + log-loss,logloss,False,X2,X1,5,0,0.6350537378926722
200,DT + log-loss,logloss,False,X2,X1,5,1,0.526655513821574
200,DT + log-loss,logloss,False,X2,X1,5,2,0.7703616206919501
200,DT + log-loss,logloss,False,X2,X1,5,3,0.8406867320351032
200,DT + log-loss,logloss,False,X2,X1,5,4,0.6624333027599785
200,DT + log-loss,logloss,False,X2,X1,6,0,0.6787064854019187
200,DT + log-loss,logloss,False,X2,X1,6,1,0.632920925961031
200,DT + log-loss,logloss,False,X2,X1,6,2,0.7285690336701034
200,DT + log-loss,logloss,False,X2,X1,6,3,0.766582480112558
200,DT + log-loss,logloss,False,X2,X1,6,4,0.7067701651335527
200,DT + log-loss,logloss,False,X2,X1,7,0,0.7179055820884709
200,DT + log-loss,logloss,False,X2,X1,7,1,0.720821080839083
200,DT + log-loss,logloss,False,X2,X1,7,2,0.8371852536946848
200,DT + log-loss,logloss,False,X2,X1,7,3,0.6696749978329878
200,DT + log-loss,logloss,False,X2,X1,7,4,0.6130094453689671
200,DT + log-loss,logloss,False,X2,X1,8,0,0.6935763436249629
200,DT + log-loss,logloss,False,X2,X1,8,1,0.7696673351395814
200,DT + log-loss,logloss,False,X2,X1,8,2,0.5638368297174098
200,DT + log-loss,logloss,False,X2,X1,8,3,0.7552009254162231
200,DT + log-loss,logloss,False,X2,X1,8,4,0.670260273898396
200,DT + log-loss,logloss,False,X2,X1,9,0,0.7163240048036701
200,DT + log-loss,logloss,False,X2,X1,9,1,0.6330417295424915
200,DT + log-loss,logloss,False,X2,X1,9,2,0.6417233159858448
200,DT + log-loss,logloss,False,X2,X1,9,3,0.7083976378162569
200,DT + log-loss,logloss,False,X2,X1,9,4,0.6068791157683371
200,DT + log-loss (calibrated),logloss,True,X2,X1,0,0,0.7339695516848342
200,DT + log-loss (calibrated),logloss,True,X2,X1,0,1,0.7136069506130382
200,DT + log-loss (calibrated),logloss,True,X2,X1,0,2,0.7982274703183626
200,DT + log-loss (calibrated),logloss,True,X2,X1,0,3,0.708577650800929
200,DT + log-loss (calibrated),logloss,True,X2,X1,0,4,0.8351020084564795
200,DT + log-loss (calibrated),logloss,True,X2,X1,1,0,0.6237450174244954
200,DT + log-loss (calibrated),logloss,True,X2,X1,1,1,0.6954200516139994
200,DT + log-loss (calibrated),logloss,True,X2,X1,1,2,0.585343615833849
200,DT + log-loss (calibrated),logloss,True,X2,X1,1,3,0.6862386162231778
200,DT + log-loss (calibrated),logloss,True,X2,X1,1,4,0.6144847217797982
200,DT + log-loss (calibrated),logloss,True,X2,X1,2,0,0.7184215050356078
200,DT + log-loss (calibrated),logloss,True,X2,X1,2,1,0.7368656021656953
200,DT + log-loss (calibrated),logloss,True,X2,X1,2,2,0.6641500514632651
200,DT + log-loss (calibrated),logloss,True,X2,X1,2,3,0.737315369363775
200,DT + log-loss (calibrated),logloss,True,X2,X1,2,4,0.7320456187335705
200,DT + log-loss (calibrated),logloss,True,X2,X1,3,0,0.6991592030741947
200,DT + log-loss (calibrated),logloss,True,X2,X1,3,1,0.642028474187591
200,DT + log-loss (calibrated),logloss,True,X2,X1,3,2,0.7131054302083643
200,DT + log-loss (calibrated),logloss,True,X2,X1,3,3,0.6494258738128688
200,DT + log-loss (calibrated),logloss,True,X2,X1,3,4,0.7759680763751869
200,DT + log-loss (calibrated),logloss,True,X2,X1,4,0,0.9014199099906844
200,DT + log-loss (calibrated),logloss,True,X2,X1,4,1,0.5810267763900021
200,DT + log-loss (calibrated),logloss,True,X2,X1,4,2,0.7448148068311609
200,DT + log-loss (calibrated),logloss,True,X2,X1,4,3,0.6029584837357356
200,DT + log-loss (calibrated),logloss,True,X2,X1,4,4,0.8729619226587987
200,DT + log-loss (calibrated),logloss,True,X2,X1,5,0,0.6566289302490511
200,DT + log-loss (calibrated),logloss,True,X2,X1,5,1,0.5519494983716404
200,DT + log-loss (calibrated),logloss,True,X2,X1,5,2,0.7499037577082701
200,DT + log-loss (calibrated),logloss,True,X2,X1,5,3,0.7525537258507597
200,DT + log-loss (calibrated),logloss,True,X2,X1,5,4,0.6341678836844294
200,DT + log-loss (calibrated),logloss,True,X2,X1,6,0,0.6964490388704021
200,DT + log-loss (calibrated),logloss,True,X2,X1,6,1,0.6646119570502853
200,DT + log-loss (calibrated),logloss,True,X2,X1,6,2,0.705165941861701
200,DT + log-loss (calibrated),logloss,True,X2,X1,6,3,0.7847178477366861
200,DT + log-loss (calibrated),logloss,True,X2,X1,6,4,0.6650844153037789
200,DT + log-loss (calibrated),logloss,True,X2,X1,7,0,0.6987526278172186
200,DT + log-loss (calibrated),logloss,True,X2,X1,7,1,0.715161565557755
200,DT + log-loss (calibrated),logloss,True,X2,X1,7,2,0.7646214510722588
200,DT + log-loss (calibrated),logloss,True,X2,X1,7,3,0.6846253095761702
200,DT + log-loss (calibrated),logloss,True,X2,X1,7,4,0.6625240427482699
200,DT + log-loss (calibrated),logloss,True,X2,X1,8,0,0.705677102326197
200,DT + log-loss (calibrated),logloss,True,X2,X1,8,1,0.7976267345840652
200,DT + log-loss (calibrated),logloss,True,X2,X1,8,2,0.5914919295742335
200,DT + log-loss (calibrated),logloss,True,X2,X1,8,3,0.7115094919341635
200,DT + log-loss (calibrated),logloss,True,X2,X1,8,4,0.6598918151081823
200,DT + log-loss (calibrated),logloss,True,X2,X1,9,0,0.6926069129334893
200,DT + log-loss (calibrated),logloss,True,X2,X1,9,1,0.6795025412664201
200,DT + log-loss (calibrated),logloss,True,X2,X1,9,2,0.6465515835568844
200,DT + log-loss (calibrated),logloss,True,X2,X1,9,3,0.6886575891279656
200,DT + log-loss (calibrated),logloss,True,X2,X1,9,4,0.6520633633174885
400,DT + RMSE,rmse,False,X2,X1,0,0,0.478665747286025
400,DT + RMSE,rmse,False,X2,X1,0,1,0.5460212479860846
400,DT + RMSE,rmse,False,X2,X1,0,2,0.47746101592441026
400,DT + RMSE,rmse,False,X2,X1,0,3,0.5169242787244249
400,DT + RMSE,rmse,False,X2,X1,0,4,0.4865284471866561
400,DT + RMSE,rmse,False,X2,X1,1,0,0.5153699205170565
400,DT + RMSE,rmse,False,X2,X1,1,1,0.4988515875611126
400,DT + RMSE,rmse,False,X2,X1,1,2,0.47447812646476134
400,DT + RMSE,rmse,False,X2,X1,1,3,0.5330510846319871
400,DT + RMSE,rmse,False,X2,X1,1,4,0.49524817233866825
400,DT + RMSE,rmse,False,X2,X1,2,0,0.4823771267877551
400,DT + RMSE,rmse,False,X2,X1,2,1,0.5053323108442348
400,DT + RMSE,rmse,False,X2,X1,2,2,0.4971973051945718
400,DT + RMSE,rmse,False,X2,X1,2,3,0.4881378991914856
400,DT + RMSE,rmse,False,X2,X1,2,4,0.5171935523591625
400,DT + RMSE,rmse,False,X2,X1,3,0,0.49681431183190894
400,DT + RMSE,rmse,False,X2,X1,3,1,0.5304655239408784
400,DT + RMSE,rmse,False,X2,X1,3,2,0.47731410486081594
400,DT + RMSE,rmse,False,X2,X1,3,3,0.5098623020079311
400,DT + RMSE,rmse,False,X2,X1,3,4,0.5272340956008954
400,DT + RMSE,rmse,False,X2,X1,4,0,0.48692598020553496
400,DT + RMSE,rmse,False,X2,X1,4,1,0.5056502681991246
400,DT + RMSE,rmse,False,X2,X1,4,2,0.5375968394459015
400,DT + RMSE,rmse,False,X2,X1,4,3,0.49049314291844703
400,DT + RMSE,rmse,False,X2,X1,4,4,0.490279902567768
400,DT + RMSE,rmse,False,X2,X1,5,0,0.4495890107161894
400,DT + RMSE,rmse,False,X2,X1,5,1,0.5117711593795372
400,DT + RMSE,rmse,False,X2,X1,5,2,0.5243065408410397
400,DT + RMSE,rmse,False,X2,X1,5,3,0.5403706937442072
400,DT + RMSE,rmse,False,X2,X1,5,4,0.5216357937604633
400,DT + RMSE,rmse,False,X2,X1,6,0,0.5067612427910548
400,DT + RMSE,rmse,False,X2,X1,6,1,0.516707458413951
400,DT + RMSE,rmse,False,X2,X1,6,2,0.4513145881258868
400,DT + RMSE,rmse,False,X2,X1,6,3,0.5096820639261895
400,DT + RMSE,rmse,False,X2,X1,6,4,0.4769620562231665
400,DT + RMSE,rmse,False,X2,X1,7,0,0.4800655556536828
400,DT + RMSE,rmse,False,X2,X1,7,1,0.5078978556432994
400,DT + RMSE,rmse,False,X2,X1,7,2,0.48029438736121854
400,DT + RMSE,rmse,False,X2,X1,7,3,0.4796488443189905
400,DT + RMSE,rmse,False,X2,X1,7,4,0.48617577943688517
400,DT + RMSE,rmse,False,X2,X1,8,0,0.5464960067843471
400,DT + RMSE,rmse,False,X2,X1,8,1,0.5043680610700914
400,DT + RMSE,rmse,False,X2,X1,8,2,0.551209701176611
400,DT + RMSE,rmse,False,X2,X1,8,3,0.521055023726253
400,DT + RMSE,rmse,False,X2,X1,8,4,0.5598624821261292
400,DT + RMSE,rmse,False,X2,X1,9,0,0.47785843357620406
400,DT + RMSE,rmse,False,X2,X1,9,1,0.4573308848459734
400,DT + RMSE,rmse,False,X2,X1,9,2,0.46617250947540345
400,DT + RMSE,rmse,False,X2,X1,9,3,0.4951290071041525
400,DT + RMSE,rmse,False,X2,X1,9,4,0.45991042088553125
400,DT + log-loss,logloss,False,X2,X1,0,0,0.6508842984410479
400,DT + log-loss,logloss,False,X2,X1,0,1,0.7903328448666822
400,DT + log-loss,logloss,False,X2,X1,0,2,0.6489386565163432
400,DT + log-loss,logloss,False,X2,X1,0,3,0.7275813928678841
400,DT + log-loss,logloss,False,X2,X1,0,4,0.6664330813762023
400,DT + log-loss,logloss,False,X2,X1,1,0,0.7247220430339594
400,DT + log-loss,logloss,False,X2,X1,1,1,0.6901640479341971
400,DT + log-loss,logloss,False,X2,X1,1,2,0.6426809080820075
400,DT + log-loss,logloss,False,X2,X1,1,3,0.762373250885708
400,DT + log-loss,logloss,False,X2,X1,1,4,0.6837138311303637
400,DT + log-loss,logloss,False,X2,X1,2,0,0.6580868460105636
400,DT + log-loss,logloss,False,X2,X1,2,1,0.7039516930047576
400,DT + log-loss,logloss,False,X2,X1,2,2,0.6873418100598714
400,DT + log-loss,logloss,False,X2,X1,2,3,0.6696016009164878
400,DT + log-loss,logloss,False,X2,X1,2,4,0.7282925058718024
400,DT + log-loss,logloss,False,X2,X1,3,0,0.6868494648499683
400,DT + log-loss,logloss,False,X2,X1,3,1,0.7565857497382193
400,DT + log-loss,logloss,False,X2,X1,3,2,0.6486001085368005
400,DT + log-loss,logloss,False,X2,X1,3,3,0.713175438279165
400,DT + log-loss,logloss,False,X2,X1,3,4,0.7497638129230695
400,DT + log-loss,logloss,False,X2,X1,4,0,0.667312584086737
400,DT + log-loss,logloss,False,X2,X1,4,1,0.704650230069154
400,DT + log-loss,logloss,False,X2,X1,4,2,0.7727500005974186
400,DT + log-loss,logloss,False,X2,X1,4,3,0.6743031736726417
400,DT + log-loss,logloss,False,X2,X1,4,4,0.6733796675607289
400,DT + log-loss,logloss,False,X2,X1,5,0,0.5946895205060205
400,DT + log-loss,logloss,False,X2,X1,5,1,0.7170837295164474
400,DT + log-loss,logloss,False,X2,X1,5,2,0.7431716555566003
400,DT + log-loss,logloss,False,X2,X1,5,3,0.7777971862666277
400,DT + log-loss,logloss,False,X2,X1,5,4,0.7374612189971858
400,DT + log-loss,logloss,False,X2,X1,6,0,0.7069606034076363
400,DT + log-loss,logloss,False,X2,X1,6,1,0.7275932886225549
400,DT + log-loss,logloss,False,X2,X1,6,2,0.5994792310557482
400,DT + log-loss,logloss,False,X2,X1,6,3,0.7127278915475851
400,DT + log-loss,logloss,False,X2,X1,6,4,0.6476378101474343
400,DT + log-loss,logloss,False,X2,X1,7,0,0.6537541907736841
400,DT + log-loss,logloss,False,X2,X1,7,1,0.7106569350017956
400,DT + log-loss,logloss,False,X2,X1,7,2,0.6542494580322197
400,DT + log-loss,logloss,False,X2,X1,7,3,0.6529787805000485
400,DT + log-loss,logloss,False,X2,X1,7,4,0.6656957780212073
400,DT + log-loss,logloss,False,X2,X1,8,0,0.7919552469028918
400,DT + log-loss,logloss,False,X2,X1,8,1,0.7020846128970326
400,DT + log-loss,logloss,False,X2,X1,8,2,0.8018549295620887
400,DT + log-loss,logloss,False,X2,X1,8,3,0.7365921477102373
400,DT + log-loss,logloss,False,X2,X1,8,4,0.8231123706385142
400,DT + log-loss,logloss,False,X2,X1,9,0,0.6493444381789586
400,DT + log-loss,logloss,False,X2,X1,9,1,0.6108546270552783
400,DT + log-loss,logloss,False,X2,X1,9,2,0.6275277830220777
400,DT + log-loss,logloss,False,X2,X1,9,3,0.6832084373793079
400,DT + log-loss,logloss,False,X2,X1,9,4,0.6153558641553255
400,DT + log-loss (calibrated),logloss,True,X2,X1,0,0,0.6273449730191634
400,DT + log-loss (calibrated),logloss,True,X2,X1,0,1,0.7812472085159141
400,DT + log-loss (calibrated),logloss,True,X2,X1,0,2,0.6528496680764309
400,DT + log-loss (calibrated),logloss,True,X2,X1,0,3,0.7078878720781242
400,DT + log-loss (calibrated),logloss,True,X2,X1,0,4,0.6560331890757833
400,DT + log-loss (calibrated),logloss,True,X2,X1,1,0,0.7066236707348025
400,DT + log-loss (calibrated),logloss,True,X2,X1,1,1,0.6940917729223313
400,DT + log-loss (calibrated),logloss,True,X2,X1,1,2,0.6264896421024607
400,DT + log-loss (calibrated),logloss,True,X2,X1,1,3,0.7789256476690046
400,DT + log-loss (calibrated),logloss,True,X2,X1,1,4,0.6780442026351411
400,DT + log-loss (calibrated),logloss,True,X2,X1,2,0,0.6503554759216408
400,DT + log-loss (calibrated),logloss,True,X2,X1,2,1,0.706608974063695
400,DT + log-loss (calibrated),logloss,True,X2,X1,2,2,0.6772667130368122
400,DT + log-loss (calibrated),logloss,True,X2,X1,2,3,0.6631198158865531
400,DT + log-loss (calibrated),logloss,True,X2,X1,2,4,0.7015362265543659
400,DT + log-loss (calibrated),logloss,True,X2,X1,3,0,0.6604754309449137
400,DT + log-loss (calibrated),logloss,True,X2,X1,3,1,0.7220119995797641
400,DT + log-loss (calibrated),logloss,True,X2,X1,3,2,0.6516206544618508
400,DT + log-loss (calibrated),logloss,True,X2,X1,3,3,0.7082047755744516
400,DT + log-loss (calibrated),logloss,True,X2,X1,3,4,0.7361082050954123
400,DT + log-loss (calibrated),logloss,True,X2,X1,4,0,0.696764272955487
400,DT + log-loss (calibrated),logloss,True,X2,X1,4,1,0.7073826069748677
400,DT + log-loss (calibrated),logloss,True,X2,X1,4,2,0.765727539610991
400,DT + log-loss (calibrated),logloss,True,X2,X1,4,3,0.6462208778571608
400,DT + log-loss (calibrated),logloss,True,X2,X1,4,4,0.6888994560238629
400,DT + log-loss (calibrated),logloss,True,X2,X1,5,0,0.6064163986274013
400,DT + log-loss (calibrated),logloss,True,X2,X1,5,1,0.6872331979583783
400,DT + log-loss (calibrated),logloss,True,X2,X1,5,2,0.7392631922690238
400,DT + log-loss (calibrated),logloss,True,X2,X1,5,3,0.7794258921582337
400,DT + log-loss (calibrated),logloss,True,X2,X1,5,4,0.730898014026861
400,DT + log-loss (calibrated),logloss,True,X2,X1,6,0,0.6923888180192829
400,DT + log-loss (calibrated),logloss,True,X2,X1,6,1,0.7016781446855906
400,DT + log-loss (calibrated),logloss,True,X2,X1,6,2,0.6103657097461552
400,DT + log-loss (calibrated),logloss,True,X2,X1,6,3,0.7062105153150608
400,DT + log-loss (calibrated),logloss,True,X2,X1,6,4,0.6868377978205268
400,DT + log-loss (calibrated),logloss,True,X2,X1,7,0,0.6693019401942043
400,DT + log-loss (calibrated),logloss,True,X2,X1,7,1,0.7220138353505604
400,DT + log-loss (calibrated),logloss,True,X2,X1,7,2,0.6350998956477036
400,DT + log-loss (calibrated),logloss,True,X2,X1,7,3,0.6415121625085294
400,DT + log-loss (calibrated),logloss,True,X2,X1,7,4,0.6844626952626243
400,DT + log-loss (calibrated),logloss,True,X2,X1,8,0,0.8043506399055408
400,DT + log-loss (calibrated),logloss,True,X2,X1,8,1,0.7173566124329752
400,DT + log-loss (calibrated),logloss,True,X2,X1,8,2,0.7739363423182914
400,DT + log-loss (calibrated),logloss,True,X2,X1,8,3,0.7217238046096286
400,DT + log-loss (calibrated),logloss,True,X2,X1,8,4,0.7884286331505461
400,DT + log-loss (calibrated),logloss,True,X2,X1,9,0,0.6341311389418696
400,DT + log-loss (calibrated),logloss,True,X2,X1,9,1,0.6125139163046416
400,DT + log-loss (calibrated),logloss,True,X2,X1,9,2,0.6553602847843217
400,DT + log-loss (calibrated),logloss,True,X2,X1,9,3,0.6888221659814708
400,DT + log-loss (calibrated),logloss,True,X2,X1,9,4,0.609182607662794
800,DT + RMSE,rmse,False,X2,X1,0,0,0.4999369120065702
800,DT + RMSE,rmse,False,X2,X1,0,1,0.482866066359278
800,DT + RMSE,rmse,False,X2,X1,0,2,0.5025634244138576
800,DT + RMSE,rmse,False,X2,X1,0,3,0.4880837136176444
800,DT + RMSE,rmse,False,X2,X1,0,4,0.5258603202942356
800,DT + RMSE,rmse,False,X2,X1,1,0,0.48953749802008195
800,DT + RMSE,rmse,False,X2,X1,1,1,0.5325253850372896
800,DT + RMSE,rmse,False,X2,X1,1,2,0.49850509692712913
800,DT + RMSE,rmse,False,X2,X1,1,3,0.506712082858749
800,DT + RMSE,rmse,False,X2,X1,1,4,0.4893285807050757
800,DT + RMSE,rmse,False,X2,X1,2,0,0.4871184355378778
800,DT + RMSE,rmse,False,X2,X1,2,1,0.49411377146894864
800,DT + RMSE,rmse,False,X2,X1,2,2,0.5148386077728515
800,DT + RMSE,rmse,False,X2,X1,2,3,0.493888688588808
800,DT + RMSE,rmse,False,X2,X1,2,4,0.5013224350568988
800,DT + RMSE,rmse,False,X2,X1,3,0,0.5035968272388385
800,DT + RMSE,rmse,False,X2,X1,3,1,0.4982121405411894
800,DT + RMSE,rmse,False,X2,X1,3,2,0.5283101935442565
800,DT + RMSE,rmse,False,X2,X1,3,3,0.5098013466758314
800,DT + RMSE,rmse,False,X2,X1,3,4,0.4638529124528838
800,DT + RMSE,rmse,False,X2,X1,4,0,0.5262823070802404
800,DT + RMSE,rmse,False,X2,X1,4,1,0.4677139058762434
800,DT + RMSE,rmse,False,X2,X1,4,2,0.5177461227182876
800,DT + RMSE,rmse,False,X2,X1,4,3,0.47818505157537133
800,DT + RMSE,rmse,False,X2,X1,4,4,0.5102330165773256
800,DT + RMSE,rmse,False,X2,X1,5,0,0.4909343922709382
800,DT + RMSE,rmse,False,X2,X1,5,1,0.5307389799138484
800,DT + RMSE,rmse,False,X2,X1,5,2,0.5106148972745574
800,DT + RMSE,rmse,False,X2,X1,5,3,0.4929807163398636
800,DT + RMSE,rmse,False,X2,X1,5,4,0.49844462599577144
800,DT + RMSE,rmse,False,X2,X1,6,0,0.4896722221970829
800,DT + RMSE,rmse,False,X2,X1,6,1,0.5113190347986271
800,DT + RMSE,rmse,False,X2,X1,6,2,0.5089527234063445
800,DT + RMSE,rmse,False,X2,X1,6,3,0.5095434064253626
800,DT + RMSE,rmse,False,X2,X1,6,4,0.5248873735418265
800,DT + RMSE,rmse,False,X2,X1,7,0,0.4656263681739754
800,DT + RMSE,rmse,False,X2,X1,7,1,0.5309813091333724
800,DT + RMSE,rmse,False,X2,X1,7,2,0.5195557413037722
800,DT + RMSE,rmse,False,X2,X1,7,3,0.47720734496137057
800,DT + RMSE,rmse,False,X2,X1,7,4,0.46699405044441594
800,DT + RMSE,rmse,False,X2,X1,8,0,0.5085660253690147
800,DT + RMSE,rmse,False,X2,X1,8,1,0.49470729714985007
800,DT + RMSE,rmse,False,X2,X1,8,2,0.5409012937291033
800,DT + RMSE,rmse,False,X2,X1,8,3,0.4938583182822692
800,DT + RMSE,rmse,False,X2,X1,8,4,0.4945432186708692
800,DT + RMSE,rmse,False,X2,X1,9,0,0.5212683701733931
800,DT + RMSE,rmse,False,X2,X1,9,1,0.4746937557326079
800,DT + RMSE,rmse,False,X2,X1,9,2,0.5018316526783907
800,DT + RMSE,rmse,False,X2,X1,9,3,0.46778156279640914
800,DT + RMSE,rmse,False,X2,X1,9,4,0.5050328993523837
800,DT + log-loss,logloss,False,X2,X1,0,0,0.693062573521006
800,DT + log-loss,logloss,False,X2,X1,0,1,0.6592889110953937
800,DT + log-loss,logloss,False,X2,X1,0,2,0.6983171521126401
800,DT + log-loss,logloss,False,X2,X1,0,3,0.6695761717074071
800,DT + log-loss,logloss,False,X2,X1,0,4,0.7476266779550873
800,DT + log-loss,logloss,False,X2,X1,1,0,0.672408272705628
800,DT + log-loss,logloss,False,X2,X1,1,1,0.7607021754273631
800,DT + log-loss,logloss,False,X2,X1,1,2,0.6899216234581784
800,DT + log-loss,logloss,False,X2,X1,1,3,0.7066826031830188
800,DT + log-loss,logloss,False,X2,X1,1,4,0.672013932921716
800,DT + log-loss,logloss,False,X2,X1,2,0,0.6677017544281072
800,DT + log-loss,logloss,False,X2,X1,2,1,0.6813273173048603
800,DT + log-loss,logloss,False,X2,X1,2,2,0.7233462451786408
800,DT + log-loss,logloss,False,X2,X1,2,3,0.6809775440311886
800,DT + log-loss,logloss,False,X2,X1,2,4,0.6957997616680912
800,DT + log-loss,logloss,False,X2,X1,3,0,0.7003541753473408
800,DT + log-loss,logloss,False,X2,X1,3,1,0.6896316945141342
800,DT + log-loss,logloss,False,X2,X1,3,2,0.7516897394758495
800,DT + log-loss,logloss,False,X2,X1,3,3,0.7129993430977103
800,DT + log-loss,logloss,False,X2,X1,3,4,0.6231479848880874
800,DT + log-loss,logloss,False,X2,X1,4,0,0.7473016673099758
800,DT + log-loss,logloss,False,X2,X1,4,1,0.6301104722299912
800,DT + log-loss,logloss,False,X2,X1,4,2,0.7294558828311555
800,DT + log-loss,logloss,False,X2,X1,4,3,0.6503770908041842
800,DT + log-loss,logloss,False,X2,X1,4,4,0.7142640027879501
800,DT + log-loss,logloss,False,X2,X1,5,0,0.6751600088284304
800,DT + log-loss,logloss,False,X2,X1,5,1,0.7573731147978384
800,DT + log-loss,logloss,False,X2,X1,5,2,0.7148696686673927
800,DT + log-loss,logloss,False,X2,X1,5,3,0.6792024160038019
800,DT + log-loss,logloss,False,X2,X1,5,4,0.6899787281843689
800,DT + log-loss,logloss,False,X2,X1,6,0,0.6724194544263478
800,DT + log-loss,logloss,False,X2,X1,6,1,0.7160853842488133
800,DT + log-loss,logloss,False,X2,X1,6,2,0.7112115765469613
800,DT + log-loss,logloss,False,X2,X1,6,3,0.7125601005735498
800,DT + log-loss,logloss,False,X2,X1,6,4,0.7445446736879754
800,DT + log-loss,logloss,False,X2,X1,7,0,0.6265629443360824
800,DT + log-loss,logloss,False,X2,X1,7,1,0.7577854418471194
800,DT + log-loss,logloss,False,X2,X1,7,2,0.7333669573395087
800,DT + log-loss,logloss,False,X2,X1,7,3,0.6484923113142658
800,DT + log-loss,logloss,False,X2,X1,7,4,0.628855614950842
800,DT + log-loss,logloss,False,X2,X1,8,0,0.7104876511356251
800,DT + log-loss,logloss,False,X2,X1,8,1,0.6828113672210235
800,DT + log-loss,logloss,False,X2,X1,8,2,0.7787156250899283
800,DT + log-loss,logloss,False,X2,X1,8,3,0.6808290464896227
800,DT + log-loss,logloss,False,X2,X1,8,4,0.6822878583854171
800,DT + log-loss,logloss,False,X2,X1,9,0,0.7367989501141226
800,DT + log-loss,logloss,False,X2,X1,9,1,0.6437246340189702
800,DT + log-loss,logloss,False,X2,X1,9,2,0.6966766589040998
800,DT + log-loss,logloss,False,X2,X1,9,3,0.6306472016129436
800,DT + log-loss,logloss,False,X2,X1,9,4,0.7032962950636859
800,DT + log-loss (calibrated),logloss,True,X2,X1,0,0,0.7021383123379968
800,DT + log-loss (calibrated),logloss,True,X2,X1,0,1,0.6692371806365318
800,DT + log-loss (calibrated),logloss,True,X2,X1,0,2,0.698227121700361
800,DT + log-loss (calibrated),logloss,True,X2,X1,0,3,0.6672632363666349
800,DT + log-loss (calibrated),logloss,True,X2,X1,0,4,0.7505264916198073
800,DT + log-loss (calibrated),logloss,True,X2,X1,1,0,0.6799328473871153
800,DT + log-loss (calibrated),logloss,True,X2,X1,1,1,0.744854160151212
800,DT + log-loss (calibrated),logloss,True,X2,X1,1,2,0.6759717272868693
800,DT + log-loss (calibrated),logloss,True,X2,X1,1,3,0.7069476358295346
800,DT + log-loss (calibrated),logloss,True,X2,X1,1,4,0.6821147002775045
800,DT + log-loss (calibrated),logloss,True,X2,X1,2,0,0.6643784312566315
800,DT + log-loss (calibrated),logloss,True,X2,X1,2,1,0.6961553350415398
800,DT + log-loss (calibrated),logloss,True,X2,X1,2,2,0.7200716357905974
800,DT + log-loss (calibrated),logloss,True,X2,X1,2,3,0.6875020226584677
800,DT + log-loss (calibrated),logloss,True,X2,X1,2,4,0.6939556699736463
800,DT + log-loss (calibrated),logloss,True,X2,X1,3,0,0.6922190451879082
800,DT + log-loss (calibrated),logloss,True,X2,X1,3,1,0.6934868157633067
800,DT + log-loss (calibrated),logloss,True,X2,X1,3,2,0.7533101151477163
800,DT + log-loss (calibrated),logloss,True,X2,X1,3,3,0.715141200139735
800,DT + log-loss (calibrated),logloss,True,X2,X1,3,4,0.6230068464997579
800,DT + log-loss (calibrated),logloss,True,X2,X1,4,0,0.7536359807659305
800,DT + log-loss (calibrated),logloss,True,X2,X1,4,1,0.6386475483085614
800,DT + log-loss (calibrated),logloss,True,X2,X1,4,2,0.728585601196364
800,DT + log-loss (calibrated),logloss,True,X2,X1,4,3,0.6860825854737536
800,DT + log-loss (calibrated),logloss,True,X2,X1,4,4,0.7169845903472591
800,DT + log-loss (calibrated),logloss,True,X2,X1,5,0,0.6914895067324054
800,DT + log-loss (calibrated),logloss,True,X2,X1,5,1,0.7431724490001999
800,DT + log-loss (calibrated),logloss,True,X2,X1,5,2,0.7154691290392865
800,DT + log-loss (calibrated),logloss,True,X2,X1,5,3,0.6858536185491265
800,DT + log-loss (calibrated),logloss,True,X2,X1,5,4,0.6856556044241667
800,DT + log-loss (calibrated),logloss,True,X2,X1,6,0,0.6595758520046942
800,DT + log-loss (calibrated),logloss,True,X2,X1,6,1,0.7010824447525867
800,DT + log-loss (calibrated),logloss,True,X2,X1,6,2,0.7169595456431924
800,DT + log-loss (calibrated),logloss,True,X2,X1,6,3,0.7004862057585317
800,DT + log-loss (calibrated),logloss,True,X2,X1,6,4,0.7494693962483963
800,DT + log-loss (calibrated),logloss,True,X2,X1,7,0,0.6450222698467161
800,DT + log-loss (calibrated),logloss,True,X2,X1,7,1,0.7587414144885044
800,DT + log-loss (calibrated),logloss,True,X2,X1,7,2,0.7235152357078728
800,DT + log-loss (calibrated),logloss,True,X2,X1,7,3,0.6567923365586719
800,DT + log-loss (calibrated),logloss,True,X2,X1,7,4,0.6231594952234987
800,DT + log-loss (calibrated),logloss,True,X2,X1,8,0,0.701024466202461
800,DT + log-loss (calibrated),logloss,True,X2,X1,8,1,0.6719044973512476
800,DT + log-loss (calibrated),logloss,True,X2,X1,8,2,0.7798487748327279
800,DT + log-loss (calibrated),logloss,True,X2,X1,8,3,0.6794647102502172
800,DT + log-loss (calibrated),logloss,True,X2,X1,8,4,0.6704195158565986
800,DT + log-loss (calibrated),logloss,True,X2,X1,9,0,0.7181221755498681
800,DT + log-loss (calibrated),logloss,True,X2,X1,9,1,0.6588971050944215
800,DT + log-loss (calibrated),logloss,True,X2,X1,9,2,0.6711416851573979
800,DT + log-loss (calibrated),logloss,True,X2,X1,9,3,0.6516191571471155
800,DT + log-loss (calibrated),logloss,True,X2,X1,9,4,0.7003637273316868
1600,DT + RMSE,rmse,False,X2,X1,0,0,0.5012511496494788
1600,DT + RMSE,rmse,False,X2,X1,0,1,0.47701503099346654
1600,DT + RMSE,rmse,False,X2,X1,0,2,0.5237105885952771
1600,DT + RMSE,rmse,False,X2,X1,0,3,0.502226178461318
1600,DT + RMSE,rmse,False,X2,X1,0,4,0.5009011910038792
1600,DT + RMSE,rmse,False,X2,X1,1,0,0.5039948069929311
1600,DT + RMSE,rmse,False,X2,X1,1,1,0.4719375666517144
1600,DT + RMSE,rmse,False,X2,X1,1,2,0.5056269881045502
1600,DT + RMSE,rmse,False,X2,X1,1,3,0.4829413351074048
1600,DT + RMSE,rmse,False,X2,X1,1,4,0.5062626089388716
1600,DT + RMSE,rmse,False,X2,X1,2,0,0.49787753999771156
1600,DT + RMSE,rmse,False,X2,X1,2,1,0.5289482445029199
1600,DT + RMSE,rmse,False,X2,X1,2,2,0.49633373741006925
1600,DT + RMSE,rmse,False,X2,X1,2,3,0.4756589263057128
1600,DT + RMSE,rmse,False,X2,X1,2,4,0.47467377566512226
1600,DT + RMSE,rmse,False,X2,X1,3,0,0.5017965346491791
1600,DT + RMSE,rmse,False,X2,X1,3,1,0.5215060523634124
1600,DT + RMSE,rmse,False,X2,X1,3,2,0.4972830349626515
1600,DT + RMSE,rmse,False,X2,X1,3,3,0.4969701826891867
1600,DT + RMSE,rmse,False,X2,X1,3,4,0.5052484295162257
1600,DT + RMSE,rmse,False,X2,X1,4,0,0.49890778278078024
1600,DT + RMSE,rmse,False,X2,X1,4,1,0.4903187134443531
1600,DT + RMSE,rmse,False,X2,X1,4,2,0.4858124454116372
1600,DT + RMSE,rmse,False,X2,X1,4,3,0.4976797650393561
1600,DT + RMSE,rmse,False,X2,X1,4,4,0.5068372909958686
1600,DT + RMSE,rmse,False,X2,X1,5,0,0.5028091698262764
1600,DT + RMSE,rmse,False,X2,X1,5,1,0.48120508350694635
1600,DT + RMSE,rmse,False,X2,X1,5,2,0.5026314026576739
1600,DT + RMSE,rmse,False,X2,X1,5,3,0.5015183711048347
1600,DT + RMSE,rmse,False,X2,X1,5,4,0.5028449951580818
1600,DT + RMSE,rmse,False,X2,X1,6,0,0.478717557671851
1600,DT + RMSE,rmse,False,X2,X1,6,1,0.5112471302241991
1600,DT + RMSE,rmse,False,X2,X1,6,2,0.5051316373177568
1600,DT + RMSE,rmse,False,X2,X1,6,3,0.5041307690617624
1600,DT + RMSE,rmse,False,X2,X1,6,4,0.5076322164328413
1600,DT + RMSE,rmse,False,X2,X1,7,0,0.5020991282026878
1600,DT + RMSE,rmse,False,X2,X1,7,1,0.5095863167186641
1600,DT + RMSE,rmse,False,X2,X1,7,2,0.5100465996778425
1600,DT + RMSE,rmse,False,X2,X1,7,3,0.4938218219789994
1600,DT + RMSE,rmse,False,X2,X1,7,4,0.5363323350595898
1600,DT + RMSE,rmse,False,X2,X1,8,0,0.5068058483281971
1600,DT + RMSE,rmse,False,X2,X1,8,1,0.5239786186191279
1600,DT + RMSE,rmse,False,X2,X1,8,2,0.5034513133606509
1600,DT + RMSE,rmse,False,X2,X1,8,3,0.505872053109438
1600,DT + RMSE,rmse,False,X2,X1,8,4,0.47043648053795983
1600,DT + RMSE,rmse,False,X2,X1,9,0,0.49278026855469403
1600,DT + RMSE,rmse,False,X2,X1,9,1,0.48617246841684103
1600,DT + RMSE,rmse,False,X2,X1,9,2,0.5174295408165547
1600,DT + RMSE,rmse,False,X2,X1,9,3,0.5191507350444158
1600,DT + RMSE,rmse,False,X2,X1,9,4,0.4932614377400186
1600,DT + log-loss,logloss,False,X2,X1,0,0,0.6956750212316768
1600,DT + log-loss,logloss,False,X2,X1,0,1,0.6481667779633787
1600,DT + log-loss,logloss,False,X2,X1,0,2,0.741806347623706
1600,DT + log-loss,logloss,False,X2,X1,0,3,0.6976376421305666
1600,DT + log-loss,logloss,False,X2,X1,0,4,0.6949686872466021
1600,DT + log-loss,logloss,False,X2,X1,1,0,0.7011920499686979
1600,DT + log-loss,logloss,False,X2,X1,1,1,0.6383776232351385
1600,DT + log-loss,logloss,False,X2,X1,1,2,0.7044774909351316
1600,DT + log-loss,logloss,False,X2,X1,1,3,0.6595850664678649
1600,DT + log-loss,logloss,False,X2,X1,1,4,0.7057529770835997
1600,DT + log-loss,logloss,False,X2,X1,2,0,0.688907300425377
1600,DT + log-loss,logloss,False,X2,X1,2,1,0.7528804883506671
1600,DT + log-loss,logloss,False,X2,X1,2,2,0.6858394472697298
1600,DT + log-loss,logloss,False,X2,X1,2,3,0.6455333095492827
1600,DT + log-loss,logloss,False,X2,X1,2,4,0.6436387891152244
1600,DT + log-loss,logloss,False,X2,X1,3,0,0.6967454268845672
1600,DT + log-loss,logloss,False,X2,X1,3,1,0.7371688829081489
1600,DT + log-loss,logloss,False,X2,X1,3,2,0.6876906931874289
1600,DT + log-loss,logloss,False,X2,X1,3,3,0.6871013244269976
1600,DT + log-loss,logloss,False,X2,X1,3,4,0.703690739280231
1600,DT + log-loss,logloss,False,X2,X1,4,0,0.6909689007664088
1600,DT + log-loss,logloss,False,X2,X1,4,1,0.6739538314671096
1600,DT + log-loss,logloss,False,X2,X1,4,2,0.6650966726405843
1600,DT + log-loss,logloss,False,X2,X1,4,3,0.6885154607551989
1600,DT + log-loss,logloss,False,X2,X1,4,4,0.7069233758868427
1600,DT + log-loss,logloss,False,X2,X1,5,0,0.6988177722417278
1600,DT + log-loss,logloss,False,X2,X1,5,1,0.656098577731028
1600,DT + log-loss,logloss,False,X2,X1,5,2,0.6984292944178276
1600,DT + log-loss,logloss,False,X2,X1,5,3,0.6961909404201507
1600,DT + log-loss,logloss,False,X2,X1,5,4,0.6988749042729073
1600,DT + log-loss,logloss,False,X2,X1,6,0,0.6514338381356479
1600,DT + log-loss,logloss,False,X2,X1,6,1,0.7159055980594654
1600,DT + log-loss,logloss,False,X2,X1,6,2,0.7034609824028187
1600,DT + log-loss,logloss,False,X2,X1,6,3,0.7015485548536379
1600,DT + log-loss,logloss,False,X2,X1,6,4,0.7085432385092714
1600,DT + log-loss,logloss,False,X2,X1,7,0,0.6973624609007236
1600,DT + log-loss,logloss,False,X2,X1,7,1,0.7125256452916635
1600,DT + log-loss,logloss,False,X2,X1,7,2,0.7134854102959944
1600,DT + log-loss,logloss,False,X2,X1,7,3,0.6808549838761419
1600,DT + log-loss,logloss,False,X2,X1,7,4,0.7687850780127581
1600,DT + log-loss,logloss,False,X2,X1,8,0,0.706857992051565
1600,DT + log-loss,logloss,False,X2,X1,8,1,0.7423842441989761
1600,DT + log-loss,logloss,False,X2,X1,8,2,0.7000943602584501
1600,DT + log-loss,logloss,False,X2,X1,8,3,0.7049889410421977
1600,DT + log-loss,logloss,False,X2,X1,8,4,0.6354554428138974
1600,DT + log-loss,logloss,False,X2,X1,9,0,0.6788065963376012
1600,DT + log-loss,logloss,False,X2,X1,9,1,0.6658230441030852
1600,DT + log-loss,logloss,False,X2,X1,9,2,0.7286718458361992
1600,DT + log-loss,logloss,False,X2,X1,9,3,0.7322394842445379
1600,DT + log-loss,logloss,False,X2,X1,9,4,0.6797538550099268
1600,DT + log-loss (calibrated),logloss,True,X2,X1,0,0,0.6955885766910076
1600,DT + log-loss (calibrated),logloss,True,X2,X1,0,1,0.647355130082608
1600,DT + log-loss (calibrated),logloss,True,X2,X1,0,2,0.7244716409874381
1600,DT + log-loss (calibrated),logloss,True,X2,X1,0,3,0.6972876820284002
1600,DT + log-loss (calibrated),logloss,True,X2,X1,0,4,0.6938671035693424
1600,DT + log-loss (calibrated),logloss,True,X2,X1,1,0,0.6951158150987276
1600,DT + log-loss (calibrated),logloss,True,X2,X1,1,1,0.6569402550092024
1600,DT + log-loss (calibrated),logloss,True,X2,X1,1,2,0.6944674376026626
1600,DT + log-loss (calibrated),logloss,True,X2,X1,1,3,0.6897127458751604
1600,DT + log-loss (calibrated),logloss,True,X2,X1,1,4,0.6931470805599403
1600,DT + log-loss (calibrated),logloss,True,X2,X1,2,0,0.6905667503515743
1600,DT + log-loss (calibrated),logloss,True,X2,X1,2,1,0.7134106991498452
1600,DT + log-loss (calibrated),logloss,True,X2,X1,2,2,0.6879036855099161
1600,DT + log-loss (calibrated),logloss,True,X2,X1,2,3,0.6438771109229857
1600,DT + log-loss (calibrated),logloss,True,X2,X1,2,4,0.6425749181283572
1600,DT + log-loss (calibrated),logloss,True,X2,X1,3,0,0.6925417178731097
1600,DT + log-loss (calibrated),logloss,True,X2,X1,3,1,0.7096181877452687
1600,DT + log-loss (calibrated),logloss,True,X2,X1,3,2,0.6868511964572579
1600,DT + log-loss (calibrated),logloss,True,X2,X1,3,3,0.6928345480004262
1600,DT + log-loss (calibrated),logloss,True,X2,X1,3,4,0.6914997448508101
1600,DT + log-loss (calibrated),logloss,True,X2,X1,4,0,0.6925659327387726
1600,DT + log-loss (calibrated),logloss,True,X2,X1,4,1,0.6891440740924213
1600,DT + log-loss (calibrated),logloss,True,X2,X1,4,2,0.6789351716374659
1600,DT + log-loss (calibrated),logloss,True,X2,X1,4,3,0.6949745536454903
1600,DT + log-loss (calibrated),logloss,True,X2,X1,4,4,0.6969739950785107
1600,DT + log-loss (calibrated),logloss,True,X2,X1,5,0,0.6977777272761405
1600,DT + log-loss (calibrated),logloss,True,X2,X1,5,1,0.6621988409325774
1600,DT + log-loss (calibrated),logloss,True,X2,X1,5,2,0.6922791057394636
1600,DT + log-loss (calibrated),logloss,True,X2,X1,5,3,0.6922925801765096
1600,DT + log-loss (calibrated),logloss,True,X2,X1,5,4,0.6940452535772077
1600,DT + log-loss (calibrated),logloss,True,X2,X1,6,0,0.6681161945059663
1600,DT + log-loss (calibrated),logloss,True,X2,X1,6,1,0.6943744956703712
1600,DT + log-loss (calibrated),logloss,True,X2,X1,6,2,0.6986048614494322
1600,DT + log-loss (calibrated),logloss,True,X2,X1,6,3,0.7057301804410924
1600,DT + log-loss (calibrated),logloss,True,X2,X1,6,4,0.6949367099341058
1600,DT + log-loss (calibrated),logloss,True,X2,X1,7,0,0.6983565954066862
1600,DT + log-loss (calibrated),logloss,True,X2,X1,7,1,0.6996572384923629
1600,DT + log-loss (calibrated),logloss,True,X2,X1,7,2,0.7000191758696382
1600,DT + log-loss (calibrated),logloss,True,X2,X1,7,3,0.6859035941081674
1600,DT + log-loss (calibrated),logloss,True,X2,X1,7,4,0.7587641364910623
1600,DT + log-loss (calibrated),logloss,True,X2,X1,8,0,0.692998980216338
1600,DT + log-loss (calibrated),logloss,True,X2,X1,8,1,0.6997206216464598
1600,DT + log-loss (calibrated),logloss,True,X2,X1,8,2,0.7054466490296157
1600,DT + log-loss (calibrated),logloss,True,X2,X1,8,3,0.6986803910251874
1600,DT + log-loss (calibrated),logloss,True,X2,X1,8,4,0.6255142071761879
1600,DT + log-loss (calibrated),logloss,True,X2,X1,9,0,0.6923852821137033
1600,DT + log-loss (calibrated),logloss,True,X2,X1,9,1,0.6855501214056622
1600,DT + log-loss (calibrated),logloss,True,X2,X1,9,2,0.7089467025758464
1600,DT + log-loss (calibrated),logloss,True,X2,X1,9,3,0.708846859736576
1600,DT + log-loss (calibrated),logloss,True,X2,X1,9,4,0.692464655895733
3200,DT + RMSE,rmse,False,X2,X1,0,0,0.4985440970660784
3200,DT + RMSE,rmse,False,X2,X1,0,1,0.4915229125420615
3200,DT + RMSE,rmse,False,X2,X1,0,2,0.4937451614383751
3200,DT + RMSE,rmse,False,X2,X1,0,3,0.5112600845645785
3200,DT + RMSE,rmse,False,X2,X1,0,4,0.4901843147627313
3200,DT + RMSE,rmse,False,X2,X1,1,0,0.4958116206492841
3200,DT + RMSE,rmse,False,X2,X1,1,1,0.5029326062410986
3200,DT + RMSE,rmse,False,X2,X1,1,2,0.4881781233627058
3200,DT + RMSE,rmse,False,X2,X1,1,3,0.506531545883716
3200,DT + RMSE,rmse,False,X2,X1,1,4,0.5063185353447848
3200,DT + RMSE,rmse,False,X2,X1,2,0,0.49155489929583857
3200,DT + RMSE,rmse,False,X2,X1,2,1,0.4877105284117473
3200,DT + RMSE,rmse,False,X2,X1,2,2,0.49196850507083456
3200,DT + RMSE,rmse,False,X2,X1,2,3,0.49927424232171014
3200,DT + RMSE,rmse,False,X2,X1,2,4,0.4946021770514778
3200,DT + RMSE,rmse,False,X2,X1,3,0,0.5091461164768045
3200,DT + RMSE,rmse,False,X2,X1,3,1,0.4860400499462868
3200,DT + RMSE,rmse,False,X2,X1,3,2,0.46886811543484214
3200,DT + RMSE,rmse,False,X2,X1,3,3,0.4883779971933414
3200,DT + RMSE,rmse,False,X2,X1,3,4,0.4948205893112898
3200,DT + RMSE,rmse,False,X2,X1,4,0,0.4887763338808863
3200,DT + RMSE,rmse,False,X2,X1,4,1,0.5089422097107308
3200,DT + RMSE,rmse,False,X2,X1,4,2,0.49186354723647735
3200,DT + RMSE,rmse,False,X2,X1,4,3,0.5295126567134787
3200,DT + RMSE,rmse,False,X2,X1,4,4,0.4869026112858797
3200,DT + RMSE,rmse,False,X2,X1,5,0,0.48885009885171166
3200,DT + RMSE,rmse,False,X2,X1,5,1,0.5013379656601555
3200,DT + RMSE,rmse,False,X2,X1,5,2,0.4912481217566902
3200,DT + RMSE,rmse,False,X2,X1,5,3,0.5063630249007384
3200,DT + RMSE,rmse,False,X2,X1,5,4,0.49979259554998984
3200,DT + RMSE,rmse,False,X2,X1,6,0,0.4897815036651842
3200,DT + RMSE,rmse,False,X2,X1,6,1,0.5033735090666898
3200,DT + RMSE,rmse,False,X2,X1,6,2,0.4740850403506879
3200,DT + RMSE,rmse,False,X2,X1,6,3,0.500871438855473
3200,DT + RMSE,rmse,False,X2,X1,6,4,0.5024978526173722
3200,DT + RMSE,rmse,False,X2,X1,7,0,0.5065758137017834
3200,DT + RMSE,rmse,False,X2,X1,7,1,0.49703227414881046
3200,DT + RMSE,rmse,False,X2,X1,7,2,0.5085909513402093
3200,DT + RMSE,rmse,False,X2,X1,7,3,0.48156013654174573
3200,DT + RMSE,rmse,False,X2,X1,7,4,0.49326695448651026
3200,DT + RMSE,rmse,False,X2,X1,8,0,0.49586928577301587
3200,DT + RMSE,rmse,False,X2,X1,8,1,0.5010761353977481
3200,DT + RMSE,rmse,False,X2,X1,8,2,0.5056284274649349
3200,DT + RMSE,rmse,False,X2,X1,8,3,0.48861398333141715
3200,DT + RMSE,rmse,False,X2,X1,8,4,0.4860001427612048
3200,DT + RMSE,rmse,False,X2,X1,9,0,0.5115474118667072
3200,DT + RMSE,rmse,False,X2,X1,9,1,0.49879065863406924
3200,DT + RMSE,rmse,False,X2,X1,9,2,0.5126210087744363
3200,DT + RMSE,rmse,False,X2,X1,9,3,0.5059317127694792
3200,DT + RMSE,rmse,False,X2,X1,9,4,0.5005056933058872
3200,DT + log-loss,logloss,False,X2,X1,0,0,0.6902387764584261
3200,DT + log-loss,logloss,False,X2,X1,0,1,0.6763311749441336
3200,DT + log-loss,logloss,False,X2,X1,0,2,0.6807149887231039
3200,DT + log-loss,logloss,False,X2,X1,0,3,0.7159401477193785
3200,DT + log-loss,logloss,False,X2,X1,0,4,0.6736968032844591
3200,DT + log-loss,logloss,False,X2,X1,1,0,0.6848076610531544
3200,DT + log-loss,logloss,False,X2,X1,1,1,0.6990304121393756
3200,DT + log-loss,logloss,False,X2,X1,1,2,0.6697763858200649
3200,DT + log-loss,logloss,False,X2,X1,1,3,0.7063008543136406
3200,DT + log-loss,logloss,False,X2,X1,1,4,0.7058697854352048
3200,DT + log-loss,logloss,False,X2,X1,2,0,0.6763916549097496
3200,DT + log-loss,logloss,False,X2,X1,2,1,0.6688624096090867
3200,DT + log-loss,logloss,False,X2,X1,2,2,0.6771981986260988
3200,DT + log-loss,logloss,False,X2,X1,2,3,0.6916931841946381
3200,DT + log-loss,logloss,False,X2,X1,2,4,0.6824087941172425
3200,DT + log-loss,logloss,False,X2,X1,3,0,0.7116310564199455
3200,DT + log-loss,logloss,False,X2,X1,3,1,0.6655866141233924
3200,DT + log-loss,logloss,False,X2,X1,3,2,0.632709131482332
3200,DT + log-loss,logloss,False,X2,X1,3,3,0.6701567993582833
3200,DT + log-loss,logloss,False,X2,X1,3,4,0.6828370228721746
3200,DT + log-loss,logloss,False,X2,X1,4,0,0.6709420167707474
3200,DT + log-loss,logloss,False,X2,X1,4,1,0.7111985507341521
3200,DT + log-loss,logloss,False,X2,X1,4,2,0.6769922533803269
3200,DT + log-loss,logloss,False,X2,X1,4,3,0.7540256175629046
3200,DT + log-loss,logloss,False,X2,X1,4,4,0.6672395914569086
3200,DT + log-loss,logloss,False,X2,X1,5,0,0.6710837757059096
3200,DT + log-loss,logloss,False,X2,X1,5,1,0.6958309054870364
3200,DT + log-loss,logloss,False,X2,X1,5,2,0.6757899154555949
3200,DT + log-loss,logloss,False,X2,X1,5,3,0.7059623104424488
3200,DT + log-loss,logloss,False,X2,X1,5,4,0.6927339316625948
3200,DT + log-loss,logloss,False,X2,X1,6,0,0.6729067293588322
3200,DT + log-loss,logloss,False,X2,X1,6,1,0.6999201482119272
3200,DT + log-loss,logloss,False,X2,X1,6,2,0.6425980161883617
3200,DT + log-loss,logloss,False,X2,X1,6,3,0.6948961807810915
3200,DT + log-loss,logloss,False,X2,X1,6,4,0.6981575182266484
3200,DT + log-loss,logloss,False,X2,X1,7,0,0.7063909482273889
3200,DT + log-loss,logloss,False,X2,X1,7,1,0.6872286224807397
3200,DT + log-loss,logloss,False,X2,X1,7,2,0.7105184653544038
3200,DT + log-loss,logloss,False,X2,X1,7,3,0.6569010466920652
3200,DT + log-loss,logloss,False,X2,X1,7,4,0.6797380966223989
3200,DT + log-loss,logloss,False,X2,X1,8,0,0.6849185768588675
3200,DT + log-loss,logloss,False,X2,X1,8,1,0.6953136882936366
3200,DT + log-loss,logloss,False,X2,X1,8,2,0.7044731386810922
3200,DT + log-loss,logloss,False,X2,X1,8,3,0.6706237526042624
3200,DT + log-loss,logloss,False,X2,X1,8,4,0.6655205807677
3200,DT + log-loss,logloss,False,X2,X1,9,0,0.7165418426412198
3200,DT + log-loss,logloss,False,X2,X1,9,1,0.690727781913522
3200,DT + log-loss,logloss,False,X2,X1,9,2,0.7187176590542137
3200,DT + log-loss,logloss,False,X2,X1,9,3,0.7050883911454151
3200,DT + log-loss,logloss,False,X2,X1,9,4,0.6941595689340013
3200,DT + log-loss (calibrated),logloss,True,X2,X1,0,0,0.6933529478546476
3200,DT + log-loss (calibrated),logloss,True,X2,X1,0,1,0.687895043135786
3200,DT + log-loss (calibrated),logloss,True,X2,X1,0,2,0.6932691637095793
3200,DT + log-loss (calibrated),logloss,True,X2,X1,0,3,0.7130761697567229
3200,DT + log-loss (calibrated),logloss,True,X2,X1,0,4,0.6779818675808789
3200,DT + log-loss (calibrated),logloss,True,X2,X1,1,0,0.6928279451812681
3200,DT + log-loss (calibrated),logloss,True,X2,X1,1,1,0.69437560404193
3200,DT + log-loss (calibrated),logloss,True,X2,X1,1,2,0.6907601614015882
3200,DT + log-loss (calibrated),logloss,True,X2,X1,1,3,0.6986418523423802
3200,DT + log-loss (calibrated),logloss,True,X2,X1,1,4,0.6911334411535623
3200,DT + log-loss (calibrated),logloss,True,X2,X1,2,0,0.6935731860358368
3200,DT + log-loss (calibrated),logloss,True,X2,X1,2,1,0.6857044944827055
3200,DT + log-loss (calibrated),logloss,True,X2,X1,2,2,0.6647245042384883
3200,DT + log-loss (calibrated),logloss,True,X2,X1,2,3,0.6937351231875738
3200,DT + log-loss (calibrated),logloss,True,X2,X1,2,4,0.6931190096007426
3200,DT + log-loss (calibrated),logloss,True,X2,X1,3,0,0.7043344794881543
3200,DT + log-loss (calibrated),logloss,True,X2,X1,3,1,0.6692769254514027
3200,DT + log-loss (calibrated),logloss,True,X2,X1,3,2,0.6530488878883949
3200,DT + log-loss (calibrated),logloss,True,X2,X1,3,3,0.6780148109768938
3200,DT + log-loss (calibrated),logloss,True,X2,X1,3,4,0.6824356549886088
3200,DT + log-loss (calibrated),logloss,True,X2,X1,4,0,0.6808533678255495
3200,DT + log-loss (calibrated),logloss,True,X2,X1,4,1,0.6983263584486744
3200,DT + log-loss (calibrated),logloss,True,X2,X1,4,2,0.6773661903260499
3200,DT + log-loss (calibrated),logloss,True,X2,X1,4,3,0.7545824894781492
3200,DT + log-loss (calibrated),logloss,True,X2,X1,4,4,0.6635895922552085
3200,DT + log-loss (calibrated),logloss,True,X2,X1,5,0,0.6789389837465776
3200,DT + log-loss (calibrated),logloss,True,X2,X1,5,1,0.7015243198967109
3200,DT + log-loss (calibrated),logloss,True,X2,X1,5,2,0.6828316014144975
3200,DT + log-loss (calibrated),logloss,True,X2,X1,5,3,0.6935503852282399
3200,DT + log-loss (calibrated),logloss,True,X2,X1,5,4,0.6843478217935534
3200,DT + log-loss (calibrated),logloss,True,X2,X1,6,0,0.6941509010092766
3200,DT + log-loss (calibrated),logloss,True,X2,X1,6,1,0.696344131948374
3200,DT + log-loss (calibrated),logloss,True,X2,X1,6,2,0.6415266333383862
3200,DT + log-loss (calibrated),logloss,True,X2,X1,6,3,0.692535519597921
3200,DT + log-loss (calibrated),logloss,True,X2,X1,6,4,0.6956905066713973
3200,DT + log-loss (calibrated),logloss,True,X2,X1,7,0,0.7099947040826968
3200,DT + log-loss (calibrated),logloss,True,X2,X1,7,1,0.6842863692712823
3200,DT + log-loss (calibrated),logloss,True,X2,X1,7,2,0.693697489561816
3200,DT + log-loss (calibrated),logloss,True,X2,X1,7,3,0.6686202448447384
3200,DT + log-loss (calibrated),logloss,True,X2,X1,7,4,0.6877154284153804
3200,DT + log-loss (calibrated),logloss,True,X2,X1,8,0,0.6931971194352806
3200,DT + log-loss (calibrated),logloss,True,X2,X1,8,1,0.7053583624476136
3200,DT + log-loss (calibrated),logloss,True,X2,X1,8,2,0.6946341686658261
3200,DT + log-loss (calibrated),logloss,True,X2,X1,8,3,0.6740321922767771
3200,DT + log-loss (calibrated),logloss,True,X2,X1,8,4,0.6682035131868718
3200,DT + log-loss (calibrated),logloss,True,X2,X1,9,0,0.7076755847683684
3200,DT + log-loss (calibrated),logloss,True,X2,X1,9,1,0.6846004295428835
3200,DT + log-loss (calibrated),logloss,True,X2,X1,9,2,0.7054931837191982
3200,DT + log-loss (calibrated),logloss,True,X2,X1,9,3,0.6976143649461578
3200,DT + log-loss (calibrated),logloss,True,X2,X1,9,4,0.6980792029076857
6400,DT + RMSE,rmse,False,X2,X1,0,0,0.48859914553306455
6400,DT + RMSE,rmse,False,X2,X1,0,1,0.5010998120944787
6400,DT + RMSE,rmse,False,X2,X1,0,2,0.49581365621555007
6400,DT + RMSE,rmse,False,X2,X1,0,3,0.49926353864058104
6400,DT + RMSE,rmse,False,X2,X1,0,4,0.4949611808592759
6400,DT + RMSE,rmse,False,X2,X1,1,0,0.4924706884602115
6400,DT + RMSE,rmse,False,X2,X1,1,1,0.5125417185169264
6400,DT + RMSE,rmse,False,X2,X1,1,2,0.4923034573710432
6400,DT + RMSE,rmse,False,X2,X1,1,3,0.5044500602732532
6400,DT + RMSE,rmse,False,X2,X1,1,4,0.4984633285583897
6400,DT + RMSE,rmse,False,X2,X1,2,0,0.4933226709695821
6400,DT + RMSE,rmse,False,X2,X1,2,1,0.5047470612743683
6400,DT + RMSE,rmse,False,X2,X1,2,2,0.5001545604673644
6400,DT + RMSE,rmse,False,X2,X1,2,3,0.5066139237593853
6400,DT + RMSE,rmse,False,X2,X1,2,4,0.5140024624562652
6400,DT + RMSE,rmse,False,X2,X1,3,0,0.48740172005702015
6400,DT + RMSE,rmse,False,X2,X1,3,1,0.49239651705290916
6400,DT + RMSE,rmse,False,X2,X1,3,2,0.5125439549960741
6400,DT + RMSE,rmse,False,X2,X1,3,3,0.49517296226832586
6400,DT + RMSE,rmse,False,X2,X1,3,4,0.5053266264361563
6400,DT + RMSE,rmse,False,X2,X1,4,0,0.49537406703190434
6400,DT + RMSE,rmse,False,X2,X1,4,1,0.49837339923409757
6400,DT + RMSE,rmse,False,X2,X1,4,2,0.49648164929676625
6400,DT + RMSE,rmse,False,X2,X1,4,3,0.5114818271210537
6400,DT + RMSE,rmse,False,X2,X1,4,4,0.5030711690840987
6400,DT + RMSE,rmse,False,X2,X1,5,0,0.4947669860256409
6400,DT + RMSE,rmse,False,X2,X1,5,1,0.49358446728731425
6400,DT + RMSE,rmse,False,X2,X1,5,2,0.49330647508938097
6400,DT + RMSE,rmse,False,X2,X1,5,3,0.4995887728698684
6400,DT + RMSE,rmse,False,X2,X1,5,4,0.501131863725769
6400,DT + RMSE,rmse,False,X2,X1,6,0,0.5073303690830674
6400,DT + RMSE,rmse,False,X2,X1,6,1,0.5050704571543262
6400,DT + RMSE,rmse,False,X2,X1,6,2,0.5103241815019274
6400,DT + RMSE,rmse,False,X2,X1,6,3,0.5014334644934574
6400,DT + RMSE,rmse,False,X2,X1,6,4,0.5117958502523111
6400,DT + RMSE,rmse,False,X2,X1,7,0,0.5079456605556485
6400,DT + RMSE,rmse,False,X2,X1,7,1,0.49992973053561157
6400,DT + RMSE,rmse,False,X2,X1,7,2,0.5164547645393032
6400,DT + RMSE,rmse,False,X2,X1,7,3,0.4918692240251008
6400,DT + RMSE,rmse,False,X2,X1,7,4,0.499920584048499
6400,DT + RMSE,rmse,False,X2,X1,8,0,0.5004882587451703
6400,DT + RMSE,rmse,False,X2,X1,8,1,0.49268235584455183
6400,DT + RMSE,rmse,False,X2,X1,8,2,0.5094023933067818
6400,DT + RMSE,rmse,False,X2,X1,8,3,0.5059836516146102
6400,DT + RMSE,rmse,False,X2,X1,8,4,0.4888743755971612
6400,DT + RMSE,rmse,False,X2,X1,9,0,0.5039025027323399
6400,DT + RMSE,rmse,False,X2,X1,9,1,0.4997059505483003
6400,DT + RMSE,rmse,False,X2,X1,9,2,0.49334844497979896
6400,DT + RMSE,rmse,False,X2,X1,9,3,0.4983102178670953
6400,DT + RMSE,rmse,False,X2,X1,9,4,0.5071452042886018
6400,DT + log-loss,logloss,False,X2,X1,0,0,0.6705857992209172
6400,DT + log-loss,logloss,False,X2,X1,0,1,0.6953494633494697
6400,DT + log-loss,logloss,False,X2,X1,0,2,0.6848081141878404
6400,DT + log-loss,logloss,False,X2,X1,0,3,0.6916758552225135
6400,DT + log-loss,logloss,False,X2,X1,0,4,0.6831166883468055
6400,DT + log-loss,logloss,False,X2,X1,1,0,0.6781688279860258
6400,DT + log-loss,logloss,False,X2,X1,1,1,0.7185602303427645
6400,DT + log-loss,logloss,False,X2,X1,1,2,0.6778706090507269
6400,DT + log-loss,logloss,False,X2,X1,1,3,0.7021097858895179
6400,DT + log-loss,logloss,False,X2,X1,1,4,0.6900785550522088
6400,DT + log-loss,logloss,False,X2,X1,2,0,0.6798776060617373
6400,DT + log-loss,logloss,False,X2,X1,2,1,0.7026875026261044
6400,DT + log-loss,logloss,False,X2,X1,2,2,0.693448085033006
6400,DT + log-loss,logloss,False,X2,X1,2,3,0.7064865161942571
6400,DT + log-loss,logloss,False,X2,X1,2,4,0.7215680854971989
6400,DT + log-loss,logloss,False,X2,X1,3,0,0.6682358188868331
6400,DT + log-loss,logloss,False,X2,X1,3,1,0.6780509761190487
6400,DT + log-loss,logloss,False,X2,X1,3,2,0.7185590830663249
6400,DT + log-loss,logloss,False,X2,X1,3,3,0.6835390481827481
6400,DT + log-loss,logloss,False,X2,X1,3,4,0.7038615750033633
6400,DT + log-loss,logloss,False,X2,X1,4,0,0.6839347582152334
6400,DT + log-loss,logloss,False,X2,X1,4,1,0.6898946645520222
6400,DT + log-loss,logloss,False,X2,X1,4,2,0.6861345589662133
6400,DT + log-loss,logloss,False,X2,X1,4,3,0.7163832504416282
6400,DT + log-loss,logloss,False,X2,X1,4,4,0.6993102469755117
6400,DT + log-loss,logloss,False,X2,X1,5,0,0.6827282576864188
6400,DT + log-loss,logloss,False,X2,X1,5,1,0.6803879501283163
6400,DT + log-loss,logloss,False,X2,X1,5,2,0.6798464773041697
6400,DT + log-loss,logloss,False,X2,X1,5,3,0.6923235748522801
6400,DT + log-loss,logloss,False,X2,X1,5,4,0.6954158997769816
6400,DT + log-loss,logloss,False,X2,X1,6,0,0.707918979858694
6400,DT + log-loss,logloss,False,X2,X1,6,1,0.7033409873096129
6400,DT + log-loss,logloss,False,X2,X1,6,2,0.7140188499600295
6400,DT + log-loss,logloss,False,X2,X1,6,3,0.6960169103222658
6400,DT + log-loss,logloss,False,X2,X1,6,4,0.7170309049911895
6400,DT + log-loss,logloss,False,X2,X1,7,0,0.709174416571585
6400,DT + log-loss,logloss,False,X2,X1,7,1,0.6930056437655816
6400,DT + log-loss,logloss,False,X2,X1,7,2,0.726621286458671
6400,DT + log-loss,logloss,False,X2,X1,7,3,0.677014254313448
6400,DT + log-loss,logloss,False,X2,X1,7,4,0.6929857745830663
6400,DT + log-loss,logloss,False,X2,X1,8,0,0.6941234477608895
6400,DT + log-loss,logloss,False,X2,X1,8,1,0.6786137176974844
6400,DT + log-loss,logloss,False,X2,X1,8,2,0.7121384712254847
6400,DT + log-loss,logloss,False,X2,X1,8,3,0.7051878619854779
6400,DT + log-loss,logloss,False,X2,X1,8,4,0.6711301744903686
6400,DT + log-loss,logloss,False,X2,X1,9,0,0.7009862297412396
6400,DT + log-loss,logloss,False,X2,X1,9,1,0.6925605788466773
6400,DT + log-loss,logloss,False,X2,X1,9,2,0.6799251542723509
6400,DT + log-loss,logloss,False,X2,X1,9,3,0.6897730355317919
6400,DT + log-loss,logloss,False,X2,X1,9,4,0.7075447011877457
6400,DT + log-loss (calibrated),logloss,True,X2,X1,0,0,0.669945710814553
6400,DT + log-loss (calibrated),logloss,True,X2,X1,0,1,0.6934302664451621
6400,DT + log-loss (calibrated),logloss,True,X2,X1,0,2,0.6915055106652768
6400,DT + log-loss (calibrated),logloss,True,X2,X1,0,3,0.6929760840704606
6400,DT + log-loss (calibrated),logloss,True,X2,X1,0,4,0.6897071039398323
6400,DT + log-loss (calibrated),logloss,True,X2,X1,1,0,0.6743654661260259
6400,DT + log-loss (calibrated),logloss,True,X2,X1,1,1,0.713745452656317
6400,DT + log-loss (calibrated),logloss,True,X2,X1,1,2,0.6867282240182662
6400,DT + log-loss (calibrated),logloss,True,X2,X1,1,3,0.707261947181427
6400,DT + log-loss (calibrated),logloss,True,X2,X1,1,4,0.6932771670702218
6400,DT + log-loss (calibrated),logloss,True,X2,X1,2,0,0.6826878113891682
6400,DT + log-loss (calibrated),logloss,True,X2,X1,2,1,0.6933823052538116
6400,DT + log-loss (calibrated),logloss,True,X2,X1,2,2,0.6996914175109961
6400,DT + log-loss (calibrated),logloss,True,X2,X1,2,3,0.7097201071707044
6400,DT + log-loss (calibrated),logloss,True,X2,X1,2,4,0.7136560213403311
6400,DT + log-loss (calibrated),logloss,True,X2,X1,3,0,0.6707462394273828
6400,DT + log-loss (calibrated),logloss,True,X2,X1,3,1,0.6930875701307317
6400,DT + log-loss (calibrated),logloss,True,X2,X1,3,2,0.7053924148036347
6400,DT + log-loss (calibrated),logloss,True,X2,X1,3,3,0.6807018647210334
6400,DT + log-loss (calibrated),logloss,True,X2,X1,3,4,0.7038793986105796
6400,DT + log-loss (calibrated),logloss,True,X2,X1,4,0,0.6803738714090908
6400,DT + log-loss (calibrated),logloss,True,X2,X1,4,1,0.6916277463518297
6400,DT + log-loss (calibrated),logloss,True,X2,X1,4,2,0.6909517451270082
6400,DT + log-loss (calibrated),logloss,True,X2,X1,4,3,0.7035808394923767
6400,DT + log-loss (calibrated),logloss,True,X2,X1,4,4,0.6932804574897036
6400,DT + log-loss (calibrated),logloss,True,X2,X1,5,0,0.6892868120612334
6400,DT + log-loss (calibrated),logloss,True,X2,X1,5,1,0.6929323521405706
6400,DT + log-loss (calibrated),logloss,True,X2,X1,5,2,0.6825512717922122
6400,DT + log-loss (calibrated),logloss,True,X2,X1,5,3,0.6882255284488363
6400,DT + log-loss (calibrated),logloss,True,X2,X1,5,4,0.6938587760901261
6400,DT + log-loss (calibrated),logloss,True,X2,X1,6,0,0.6994422010600101
6400,DT + log-loss (calibrated),logloss,True,X2,X1,6,1,0.7003597354221263
6400,DT + log-loss (calibrated),logloss,True,X2,X1,6,2,0.7083685585380994
6400,DT + log-loss (calibrated),logloss,True,X2,X1,6,3,0.6897759486802648
6400,DT + log-loss (calibrated),logloss,True,X2,X1,6,4,0.6985427037888217
6400,DT + log-loss (calibrated),logloss,True,X2,X1,7,0,0.7059838843749362
6400,DT + log-loss (calibrated),logloss,True,X2,X1,7,1,0.6918963187144396
6400,DT + log-loss (calibrated),logloss,True,X2,X1,7,2,0.7265680275105623
6400,DT + log-loss (calibrated),logloss,True,X2,X1,7,3,0.6894662290556344
6400,DT + log-loss (calibrated),logloss,True,X2,X1,7,4,0.6990049351463515
6400,DT + log-loss (calibrated),logloss,True,X2,X1,8,0,0.6940979452118105
6400,DT + log-loss (calibrated),logloss,True,X2,X1,8,1,0.6809939690133895
6400,DT + log-loss (calibrated),logloss,True,X2,X1,8,2,0.7090185845309932
6400,DT + log-loss (calibrated),logloss,True,X2,X1,8,3,0.7018525691840023
6400,DT + log-loss (calibrated),logloss,True,X2,X1,8,4,0.6795320147869235
6400,DT + log-loss (calibrated),logloss,True,X2,X1,9,0,0.692211148396626
6400,DT + log-loss (calibrated),logloss,True,X2,X1,9,1,0.6933107482455878
6400,DT + log-loss (calibrated),logloss,True,X2,X1,9,2,0.6874254498415769
6400,DT + log-loss (calibrated),logloss,True,X2,X1,9,3,0.6930696401747314
6400,DT + log-loss (calibrated),logloss,True,X2,X1,9,4,0.6961218003311537
12800,DT + RMSE,rmse,False,X2,X1,0,0,0.5016908545999168
12800,DT + RMSE,rmse,False,X2,X1,0,1,0.500712932954634
12800,DT + RMSE,rmse,False,X2,X1,0,2,0.49589104416433044
12800,DT + RMSE,rmse,False,X2,X1,0,3,0.4914253663941232
12800,DT + RMSE,rmse,False,X2,X1,0,4,0.49832715757661494
12800,DT + RMSE,rmse,False,X2,X1,1,0,0.5043384726211317
12800,DT + RMSE,rmse,False,X2,X1,1,1,0.4932580392677064
12800,DT + RMSE,rmse,False,X2,X1,1,2,0.5061102225405929
12800,DT + RMSE,rmse,False,X2,X1,1,3,0.5023581101572127
12800,DT + RMSE,rmse,False,X2,X1,1,4,0.49977071918127575
12800,DT + RMSE,rmse,False,X2,X1,2,0,0.49830362254533606
12800,DT + RMSE,rmse,False,X2,X1,2,1,0.5013736673209246
12800,DT + RMSE,rmse,False,X2,X1,2,2,0.4967551126629644
12800,DT + RMSE,rmse,False,X2,X1,2,3,0.5042158994501378
12800,DT + RMSE,rmse,False,X2,X1,2,4,0.49312653715436117
12800,DT + RMSE,rmse,False,X2,X1,3,0,0.49759873132807914
12800,DT + RMSE,rmse,False,X2,X1,3,1,0.49734189393426786
12800,DT + RMSE,rmse,False,X2,X1,3,2,0.5022891556547295
12800,DT + RMSE,rmse,False,X2,X1,3,3,0.4966706264525318
12800,DT + RMSE,rmse,False,X2,X1,3,4,0.4994775003919105
12800,DT + RMSE,rmse,False,X2,X1,4,0,0.4973425218463065
12800,DT + RMSE,rmse,False,X2,X1,4,1,0.5030050957134587
12800,DT + RMSE,rmse,False,X2,X1,4,2,0.4930529086414094
12800,DT + RMSE,rmse,False,X2,X1,4,3,0.5049346049044732
12800,DT + RMSE,rmse,False,X2,X1,4,4,0.4904000055536497
12800,DT + RMSE,rmse,False,X2,X1,5,0,0.5037560820318999
12800,DT + RMSE,rmse,False,X2,X1,5,1,0.4978914548678284
12800,DT + RMSE,rmse,False,X2,X1,5,2,0.4952926791492083
12800,DT + RMSE,rmse,False,X2,X1,5,3,0.49761101127551216
12800,DT + RMSE,rmse,False,X2,X1,5,4,0.5090682213351747
12800,DT + RMSE,rmse,False,X2,X1,6,0,0.49779093522309176
12800,DT + RMSE,rmse,False,X2,X1,6,1,0.5035497807746278
12800,DT + RMSE,rmse,False,X2,X1,6,2,0.4854449005752893
12800,DT + RMSE,rmse,False,X2,X1,6,3,0.5072676762088655
12800,DT + RMSE,rmse,False,X2,X1,6,4,0.5035624652987262
12800,DT + RMSE,rmse,False,X2,X1,7,0,0.5000658982185531
12800,DT + RMSE,rmse,False,X2,X1,7,1,0.5065599414673013
12800,DT + RMSE,rmse,False,X2,X1,7,2,0.49965565305005266
12800,DT + RMSE,rmse,False,X2,X1,7,3,0.507343186402977
12800,DT + RMSE,rmse,False,X2,X1,7,4,0.5100658964172121
12800,DT + RMSE,rmse,False,X2,X1,8,0,0.49233294495744284
12800,DT + RMSE,rmse,False,X2,X1,8,1,0.49926155854273474
12800,DT + RMSE,rmse,False,X2,X1,8,2,0.49853799146720007
12800,DT + RMSE,rmse,False,X2,X1,8,3,0.4973816740752693
12800,DT + RMSE,rmse,False,X2,X1,8,4,0.49541128324114625
12800,DT + RMSE,rmse,False,X2,X1,9,0,0.504769614309017
12800,DT + RMSE,rmse,False,X2,X1,9,1,0.5012910835353356
12800,DT + RMSE,rmse,False,X2,X1,9,2,0.508816431302018
12800,DT + RMSE,rmse,False,X2,X1,9,3,0.5015521199505713
12800,DT + RMSE,rmse,False,X2,X1,9,4,0.49101309444506275
12800,DT + log-loss,logloss,False,X2,X1,0,0,0.6965351523065657
12800,DT + log-loss,logloss,False,X2,X1,0,1,0.694574195051663
12800,DT + log-loss,logloss,False,X2,X1,0,2,0.6849609159827856
12800,DT + log-loss,logloss,False,X2,X1,0,3,0.6761423696826667
12800,DT + log-loss,logloss,False,X2,X1,0,4,0.6898071341724421
12800,DT + log-loss,logloss,False,X2,X1,1,0,0.7018622824839007
12800,DT + log-loss,logloss,False,X2,X1,1,1,0.679752101167955
12800,DT + log-loss,logloss,False,X2,X1,1,2,0.7054438261761085
12800,DT + log-loss,logloss,False,X2,X1,1,3,0.6978784377824994
12800,DT + log-loss,logloss,False,X2,X1,1,4,0.6926888225727513
12800,DT + log-loss,logloss,False,X2,X1,2,0,0.6897602139391036
12800,DT + log-loss,logloss,False,X2,X1,2,1,0.6959004749833704
12800,DT + log-loss,logloss,False,X2,X1,2,2,0.6866778486094582
12800,DT + log-loss,logloss,False,X2,X1,2,3,0.701615564122893
12800,DT + log-loss,logloss,False,X2,X1,2,4,0.6794912978992629
12800,DT + log-loss,logloss,False,X2,X1,3,0,0.6883560669262072
12800,DT + log-loss,logloss,False,X2,X1,3,1,0.6878449851452468
12800,DT + log-loss,logloss,False,X2,X1,3,2,0.6977361403833524
12800,DT + log-loss,logloss,False,X2,X1,3,3,0.6865102077003907
12800,DT + log-loss,logloss,False,X2,X1,3,4,0.6921021348617807
12800,DT + log-loss,logloss,False,X2,X1,4,0,0.6878461876223118
12800,DT + log-loss,logloss,False,X2,X1,4,1,0.6991758331912139
12800,DT + log-loss,logloss,False,X2,X1,4,2,0.67934730070103
12800,DT + log-loss,logloss,False,X2,X1,4,3,0.703070710297516
12800,DT + log-loss,logloss,False,X2,X1,4,4,0.6741237047157729
12800,DT + log-loss,logloss,False,X2,X1,5,0,0.7006879032381765
12800,DT + log-loss,logloss,False,X2,X1,5,1,0.6889388543033884
12800,DT + log-loss,logloss,False,X2,X1,5,2,0.683774930330879
12800,DT + log-loss,logloss,False,X2,X1,5,3,0.6883804016236069
12800,DT + log-loss,logloss,False,X2,X1,5,4,0.7114520334851268
12800,DT + log-loss,logloss,False,X2,X1,6,0,0.6887386167191193
12800,DT + log-loss,logloss,False,X2,X1,6,1,0.7002722771871477
12800,DT + log-loss,logloss,False,X2,X1,6,2,0.6644519194374778
12800,DT + log-loss,logloss,False,X2,X1,6,3,0.7077897053900899
12800,DT + log-loss,logloss,False,X2,X1,6,4,0.7002981453943773
12800,DT + log-loss,logloss,False,X2,X1,7,0,0.6932790837014668
12800,DT + log-loss,logloss,False,X2,X1,7,1,0.7063543558159947
12800,DT + log-loss,logloss,False,X2,X1,7,2,0.6924588189264567
12800,DT + log-loss,logloss,False,X2,X1,7,3,0.7079431291253009
12800,DT + log-loss,logloss,False,X2,X1,7,4,0.7134857585760778
12800,DT + log-loss,logloss,False,X2,X1,8,0,0.677924509050625
12800,DT + log-loss,logloss,False,X2,X1,8,1,0.6916713102572908
12800,DT + log-loss,logloss,False,X2,X1,8,2,0.6902274854170789
12800,DT + log-loss,logloss,False,X2,X1,8,3,0.6879239720420367
12800,DT + log-loss,logloss,False,X2,X1,8,4,0.6840103311010183
12800,DT + log-loss,logloss,False,X2,X1,9,0,0.7027327438640363
12800,DT + log-loss,logloss,False,X2,X1,9,1,0.6957329536567813
12800,DT + log-loss,logloss,False,X2,X1,9,2,0.7109424077615325
12800,DT + log-loss,logloss,False,X2,X1,9,3,0.696257122740386
12800,DT + log-loss,logloss,False,X2,X1,9,4,0.6753307490475509
12800,DT + log-loss (calibrated),logloss,True,X2,X1,0,0,0.6943062737163008
12800,DT + log-loss (calibrated),logloss,True,X2,X1,0,1,0.6932322445579588
12800,DT + log-loss (calibrated),logloss,True,X2,X1,0,2,0.6829104432302484
12800,DT + log-loss (calibrated),logloss,True,X2,X1,0,3,0.6862697730893904
12800,DT + log-loss (calibrated),logloss,True,X2,X1,0,4,0.6931522876224163
12800,DT + log-loss (calibrated),logloss,True,X2,X1,1,0,0.6975199431409204
12800,DT + log-loss (calibrated),logloss,True,X2,X1,1,1,0.6901936389833111
12800,DT + log-loss (calibrated),logloss,True,X2,X1,1,2,0.7062301555097389
12800,DT + log-loss (calibrated),logloss,True,X2,X1,1,3,0.6972830301898632
12800,DT + log-loss (calibrated),logloss,True,X2,X1,1,4,0.6931574754012559
12800,DT + log-loss (calibrated),logloss,True,X2,X1,2,0,0.6931587142514386
12800,DT + log-loss (calibrated),logloss,True,X2,X1,2,1,0.7000760967436431
12800,DT + log-loss (calibrated),logloss,True,X2,X1,2,2,0.6857554554214799
12800,DT + log-loss (calibrated),logloss,True,X2,X1,2,3,0.6946553853725632
12800,DT + log-loss (calibrated),logloss,True,X2,X1,2,4,0.6823638102400623
12800,DT + log-loss (calibrated),logloss,True,X2,X1,3,0,0.6925554078990421
12800,DT + log-loss (calibrated),logloss,True,X2,X1,3,1,0.688405338380431
12800,DT + log-loss (calibrated),logloss,True,X2,X1,3,2,0.6996613787847769
12800,DT + log-loss (calibrated),logloss,True,X2,X1,3,3,0.684967560330882
12800,DT + log-loss (calibrated),logloss,True,X2,X1,3,4,0.6925739837240603
12800,DT + log-loss (calibrated),logloss,True,X2,X1,4,0,0.6933051822214092
12800,DT + log-loss (calibrated),logloss,True,X2,X1,4,1,0.6940385445097026
12800,DT + log-loss (calibrated),logloss,True,X2,X1,4,2,0.6793275501807476
12800,DT + log-loss (calibrated),logloss,True,X2,X1,4,3,0.7005885817525346
12800,DT + log-loss (calibrated),logloss,True,X2,X1,4,4,0.6754132052270716
12800,DT + log-loss (calibrated),logloss,True,X2,X1,5,0,0.6952215068917145
12800,DT + log-loss (calibrated),logloss,True,X2,X1,5,1,0.6903854385725251
12800,DT + log-loss (calibrated),logloss,True,X2,X1,5,2,0.6845240644843331
12800,DT + log-loss (calibrated),logloss,True,X2,X1,5,3,0.6878305780004785
12800,DT + log-loss (calibrated),logloss,True,X2,X1,5,4,0.7114289030162705
12800,DT + log-loss (calibrated),logloss,True,X2,X1,6,0,0.6933729161739297
12800,DT + log-loss (calibrated),logloss,True,X2,X1,6,1,0.7002705496351878
12800,DT + log-loss (calibrated),logloss,True,X2,X1,6,2,0.6644276049677894
12800,DT + log-loss (calibrated),logloss,True,X2,X1,6,3,0.7104854521844635
12800,DT + log-loss (calibrated),logloss,True,X2,X1,6,4,0.6988381963346763
12800,DT + log-loss (calibrated),logloss,True,X2,X1,7,0,0.693209813404605
12800,DT + log-loss (calibrated),logloss,True,X2,X1,7,1,0.7063995985036402
12800,DT + log-loss (calibrated),logloss,True,X2,X1,7,2,0.6931812790519468
12800,DT + log-loss (calibrated),logloss,True,X2,X1,7,3,0.7045826771726705
12800,DT + log-loss (calibrated),logloss,True,X2,X1,7,4,0.7134208551337429
12800,DT + log-loss (calibrated),logloss,True,X2,X1,8,0,0.6759998614184624
12800,DT + log-loss (calibrated),logloss,True,X2,X1,8,1,0.6933132696720463
12800,DT + log-loss (calibrated),logloss,True,X2,X1,8,2,0.6931453258810275
12800,DT + log-loss (calibrated),logloss,True,X2,X1,8,3,0.6931469470569342
12800,DT + log-loss (calibrated),logloss,True,X2,X1,8,4,0.6891690590291378
12800,DT + log-loss (calibrated),logloss,True,X2,X1,9,0,0.6933040201919023
12800,DT + log-loss (calibrated),logloss,True,X2,X1,9,1,0.6961190784927608
12800,DT + log-loss (calibrated),logloss,True,X2,X1,9,2,0.7096748676056513
12800,DT + log-loss (calibrated),logloss,True,X2,X1,9,3,0.6974815703763415
12800,DT + log-loss (calibrated),logloss,True,X2,X1,9,4,0.6752629680623824
